股票代码,股票简称,现价(元),涨跌幅(%),解禁股类型2020.01.01-2020.12.31,解禁日期2020.01.01-2020.12.31,总解禁股数(股)2020.01.01-2020.12.31,总解禁金额(元)2020.01.01-2020.12.31,解禁成本(元)2020.01.01-2020.12.31
002352.SZ,顺丰控股,87.58,10.00,"首发原股东限售股份,定向增发机构配售股份",20200123,2712788743.00,106395574500.46,31.61
300441.SZ,鲍斯股份,10.16,-2.21,"首发原股东限售股份,定向增发机构配售股份",20200423,312793743.00,2955900871.35,10.33
300603.SZ,立昂技术,17.90,-0.67,"首发原股东限售股份,定向增发机构配售股份",20200203,91238286.00,2620363573.92,19.27
300647.SZ,超频三,11.19,-5.33,"首发原股东限售股份,定向增发机构配售股份",20200506,47509999.00,563468588.14,--
603501.SH,韦尔股份,175.31,1.97,"首发原股东限售股份,定向增发机构配售股份",20200831,606554149.00,106335007861.19,33.95
000066.SZ,中国长城,17.89,0.79,"定向增发机构配售股份,其他类型",20200807,437130484.00,9092314067.20,12.79
002520.SZ,日发精机,7.22,0.28,"定向增发机构配售股份,其他类型",20200205,47532361.00,324646025.63,6.10
002648.SZ,卫星石化,19.95,2.57,"定向增发机构配售股份,股权激励限售股份",20200810,26085080.00,496659923.20,11.38
300271.SZ,华宇软件,27.02,2.31,"定向增发机构配售股份,股权激励限售股份",20200424,62912573.00,1623773509.13,18.80
603883.SH,老百姓,87.00,10.00,"定向增发机构配售股份,股权激励限售股份",20201123,--,--,31.05
000009.SZ,中国宝安,7.74,-0.64,定向增发机构配售股份,20200821,9169999.00,72442992.10,5.05
000028.SZ,国药一致,54.64,4.04,定向增发机构配售股份,20200106,59989270.00,2868086998.70,52.44
000035.SZ,中国天楹,5.30,-0.38,定向增发机构配售股份,20200204,1087214942.00,5392586112.32,5.89
000035.SZ,中国天楹,5.30,-0.38,定向增发机构配售股份,20201023,--,--,5.23
000058.SZ,深赛格,8.76,0.57,定向增发机构配售股份,20200907,--,--,9.71
000065.SZ,北方国际,8.15,2.26,定向增发机构配售股份,20200110,44138217.00,382678341.39,10.52
000100.SZ,TCL科技,6.76,1.65,定向增发机构配售股份,20201225,--,--,2.86
000301.SZ,东方盛虹,5.90,2.79,定向增发机构配售股份,20200902,--,--,4.36
000413.SZ,东旭光电,3.15,0.32,定向增发机构配售股份,20201130,--,--,9.64
000413.SZ,东旭光电,3.15,0.32,定向增发机构配售股份,20201229,--,--,9.02
000426.SZ,兴业矿业,7.53,1.07,定向增发机构配售股份,20200512,3100000.00,15438000.00,6.03
000426.SZ,兴业矿业,7.53,1.07,定向增发机构配售股份,20200616,11109375.00,70877812.50,6.03
000505.SZ,京粮控股,11.39,-0.26,定向增发机构配售股份,20201116,--,--,8.23
000507.SZ,珠海港,5.87,1.03,定向增发机构配售股份,20200518,69060773.00,353591157.76,7.19
000519.SZ,中兵红箭,10.92,2.73,定向增发机构配售股份,20200226,458844907.00,3565224927.39,7.33
000524.SZ,岭南控股,10.60,-0.09,定向增发机构配售股份,20200602,262459618.00,1669243170.48,10.46
000524.SZ,岭南控股,10.60,-0.09,定向增发机构配售股份,20200618,135379061.00,829873643.93,10.46
000537.SZ,广宇发展,7.88,5.63,定向增发机构配售股份,20201030,--,--,6.31
000546.SZ,金圆股份,9.27,0.11,定向增发机构配售股份,20200828,23881773.00,221384035.71,9.98
000547.SZ,航天发展,19.00,2.48,定向增发机构配售股份,20200303,53545828.00,816038418.72,10.69
000547.SZ,航天发展,19.00,2.48,定向增发机构配售股份,20201228,--,--,10.62
000553.SZ,安道麦A,9.27,0.87,定向增发机构配售股份,20200803,1708450759.00,15854423043.52,10.04
000555.SZ,神州信息,17.34,-0.57,定向增发机构配售股份,20200511,22335564.00,346424597.64,24.77
000560.SZ,我爱我家,4.39,-1.13,定向增发机构配售股份,20200526,119681471.00,371012560.10,6.52
000560.SZ,我爱我家,4.39,-1.13,定向增发机构配售股份,20201229,--,--,6.44
000568.SZ,泸州老窖,151.49,6.32,定向增发机构配售股份,20200914,--,--,45.59
000571.SZ,*ST大洲,3.97,-0.50,定向增发机构配售股份,20200214,1500000.00,3765000.00,3.59
000590.SZ,启迪古汉,11.68,-7.08,定向增发机构配售股份,20200527,16140000.00,157849200.00,17.76
000605.SZ,渤海股份,6.70,0.15,定向增发机构配售股份,20200228,79671108.00,450141760.20,11.18
000615.SZ,京汉股份,4.37,-0.46,定向增发机构配售股份,20200608,27980110.00,121993279.60,4.09
000617.SZ,中油资本,7.40,0.82,定向增发机构配售股份,20200116,1757631819.00,20634597555.06,9.67
000617.SZ,中油资本,7.40,0.82,定向增发机构配售股份,20200723,9778839652.00,74808123337.80,6.76
000630.SZ,铜陵有色,2.31,2.21,定向增发机构配售股份,20200120,965889623.00,2231205029.13,2.71
000661.SZ,长春高新,462.94,1.99,定向增发机构配售股份,20201214,--,--,86.71
000661.SZ,长春高新,462.94,1.99,定向增发机构配售股份,20201230,--,--,209.28
000676.SZ,智度股份,8.01,-0.25,定向增发机构配售股份,20200522,347218731.00,2989553273.91,--
000703.SZ,恒逸石化,11.55,3.50,定向增发机构配售股份,20200103,50078264.00,698591782.80,13.68
000703.SZ,恒逸石化,11.55,3.50,定向增发机构配售股份,20200228,213768115.00,2952137668.15,13.47
000703.SZ,恒逸石化,11.55,3.50,定向增发机构配售股份,20201228,--,--,10.17
000708.SZ,中信特钢,17.95,0.96,定向增发机构配售股份,20200921,--,--,5.22
000711.SZ,京蓝科技,3.54,0.57,定向增发机构配售股份,20200320,28460642.00,111281110.22,5.96
000711.SZ,京蓝科技,3.54,0.57,定向增发机构配售股份,20201019,--,--,10.91
000713.SZ,丰乐种业,11.95,0.93,定向增发机构配售股份,20201204,--,--,7.45
000728.SZ,国元证券,10.86,2.26,定向增发机构配售股份,20201102,--,--,9.39
000733.SZ,振华科技,44.84,2.00,定向增发机构配售股份,20200108,45463400.00,841982168.00,10.55
000739.SZ,普洛药业,28.50,2.22,定向增发机构配售股份,20201130,--,--,7.78
000753.SZ,漳州发展,3.05,0.66,定向增发机构配售股份,20200106,107334526.00,328443649.56,5.51
000756.SZ,新华制药,10.53,2.04,定向增发机构配售股份,20201013,--,--,8.31
000810.SZ,创维数字,11.12,0.36,定向增发机构配售股份,20200528,22083862.00,243364159.24,12.00
000813.SZ,德展健康,6.10,-0.49,定向增发机构配售股份,20200108,227485401.00,1417234048.23,6.62
000821.SZ,京山轻机,6.64,0.45,定向增发机构配售股份,20200312,5091428.00,33297939.12,14.09
000826.SZ,启迪环境,8.86,-2.85,定向增发机构配售股份,20200818,234562172.00,2104022682.84,19.25
000829.SZ,天音控股,7.33,0.41,定向增发机构配售股份,20201214,--,--,10.47
000837.SZ,*ST秦机,5.46,2.06,定向增发机构配售股份,20200409,110499048.00,425421334.80,6.57
000851.SZ,高鸿股份,7.69,0.52,定向增发机构配售股份,20201222,--,--,8.25
000861.SZ,海印股份,3.68,3.66,定向增发机构配售股份,20200622,33755600.00,109705700.00,1.68
000875.SZ,吉电股份,4.26,1.19,定向增发机构配售股份,20200106,191996499.00,650868131.61,5.60
000876.SZ,新希望,38.87,3.99,定向增发机构配售股份,20200225,12159930.00,274571219.40,7.68
000877.SZ,天山股份,21.80,0.46,定向增发机构配售股份,20201214,--,--,6.28
000878.SZ,云南铜业,14.59,2.96,定向增发机构配售股份,20200203,225565249.00,2447382951.65,7.48
000881.SZ,中广核技,10.54,-9.92,定向增发机构配售股份,20200410,383679136.00,2651222829.76,9.28
000882.SZ,华联股份,2.05,0.49,定向增发机构配售股份,20200706,255192878.00,523145399.90,3.33
000903.SZ,云内动力,6.67,7.41,定向增发机构配售股份,20201215,--,--,3.54
000909.SZ,数源科技,8.73,0.81,定向增发机构配售股份,20200122,1350438.00,11087095.98,14.69
000923.SZ,河钢资源,13.97,-0.92,定向增发机构配售股份,20200810,225176948.00,3377654220.00,12.30
000923.SZ,河钢资源,13.97,-0.92,定向增发机构配售股份,20200831,204724406.00,2859999951.82,12.61
000925.SZ,众合科技,8.46,0.71,定向增发机构配售股份,20200716,55548834.00,425504068.44,11.39
000925.SZ,众合科技,8.46,0.71,定向增发机构配售股份,20200731,16924400.00,131671832.00,11.39
000928.SZ,中钢国际,4.41,0.92,定向增发机构配售股份,20200204,37735848.00,145660373.28,7.59
000928.SZ,中钢国际,4.41,0.92,定向增发机构配售股份,20200318,412542415.00,1736803567.15,4.67
000950.SZ,重药控股,5.69,1.97,定向增发机构配售股份,20201016,--,--,--
000967.SZ,盈峰环境,9.44,0.86,定向增发机构配售股份,20200114,858311516.00,5664856005.60,7.53
000968.SZ,蓝焰控股,8.53,1.43,定向增发机构配售股份,20200206,262870153.00,2292227734.16,6.50
000968.SZ,蓝焰控股,8.53,1.43,定向增发机构配售股份,20200424,190885507.00,1517539780.65,6.87
000971.SZ,*ST高升,2.78,3.73,定向增发机构配售股份,20200110,210280370.00,647663539.60,4.41
000971.SZ,*ST高升,2.78,3.73,定向增发机构配售股份,20200615,8499579.00,23968812.78,7.56
000971.SZ,*ST高升,2.78,3.73,定向增发机构配售股份,20200928,--,--,9.79
000971.SZ,*ST高升,2.78,3.73,定向增发机构配售股份,20201026,--,--,7.56
000980.SZ,*ST众泰,1.27,0.00,定向增发机构配售股份,20200831,--,--,9.61
000981.SZ,*ST银亿,1.87,0.54,定向增发机构配售股份,20201109,--,--,8.01
000993.SZ,闽东电力,7.06,-0.42,定向增发机构配售股份,20201130,--,--,8.24
001872.SZ,招商港口,16.51,1.79,定向增发机构配售股份,20201104,--,--,16.70
001896.SZ,豫能控股,4.11,-2.61,定向增发机构配售股份,20201027,--,--,9.30
002002.SZ,鸿达兴业,3.96,1.02,定向增发机构配售股份,20200908,--,--,7.09
002009.SZ,天奇股份,9.83,-2.96,定向增发机构配售股份,20200309,5723905.00,52774404.10,14.64
002034.SZ,旺能环境,20.59,-0.68,定向增发机构配售股份,20201215,--,--,18.12
002040.SZ,南京港,6.69,1.06,定向增发机构配售股份,20200120,85193430.00,599761747.20,9.27
002044.SZ,美年健康,18.61,1.58,定向增发机构配售股份,20201026,--,--,10.74
002044.SZ,美年健康,18.61,1.58,定向增发机构配售股份,20201118,--,--,11.55
002047.SZ,宝鹰股份,4.77,0.85,定向增发机构配售股份,20201026,--,--,9.20
002048.SZ,宁波华翔,18.07,0.78,定向增发机构配售股份,20201228,--,--,20.51
002050.SZ,三花智控,22.32,-0.13,定向增发机构配售股份,20200918,--,--,5.29
002053.SZ,云南能投,8.22,-0.48,定向增发机构配售股份,20201009,--,--,4.76
002055.SZ,得润电子,18.54,-3.54,定向增发机构配售股份,20200825,14592500.00,249531750.00,28.62
002057.SZ,中钢天源,7.97,1.53,定向增发机构配售股份,20200713,78944451.00,626029496.43,5.32
002057.SZ,中钢天源,7.97,1.53,定向增发机构配售股份,20201009,--,--,5.76
002061.SZ,浙江交科,5.89,1.20,定向增发机构配售股份,20201130,--,--,7.74
002068.SZ,黑猫股份,4.86,0.62,定向增发机构配售股份,20200730,120000000.00,604800000.00,5.24
002084.SZ,海鸥住工,13.28,0.23,定向增发机构配售股份,20201109,--,--,7.20
002086.SZ,*ST东洋,1.88,1.08,定向增发机构配售股份,20201119,--,--,6.84
002091.SZ,江苏国泰,6.51,-0.31,定向增发机构配售股份,20200113,575996125.00,4469729930.00,8.04
002094.SZ,青岛金王,4.51,-0.44,定向增发机构配售股份,20200102,24727380.00,124873269.00,9.54
002094.SZ,青岛金王,4.51,-0.44,定向增发机构配售股份,20200710,26015368.00,114987926.56,13.43
002097.SZ,山河智能,7.95,0.13,定向增发机构配售股份,20201013,--,--,6.33
002101.SZ,广东鸿图,7.38,0.14,定向增发机构配售股份,20200421,103258087.00,777533395.11,11.79
002102.SZ,ST冠福,1.89,0.00,定向增发机构配售股份,20200120,18139794.00,39726148.86,4.02
002113.SZ,*ST天润,1.38,-0.72,定向增发机构配售股份,20200114,17039078.00,40553005.64,7.68
002113.SZ,*ST天润,1.38,-0.72,定向增发机构配售股份,20201229,--,--,7.02
002115.SZ,三维通信,8.91,1.37,定向增发机构配售股份,20200616,4470997.00,43681640.69,7.24
002115.SZ,三维通信,8.91,1.37,定向增发机构配售股份,20201228,--,--,7.21
002121.SZ,*ST科陆,3.72,0.81,定向增发机构配售股份,20200323,19787089.00,77961130.66,8.46
002125.SZ,湘潭电化,7.50,0.13,定向增发机构配售股份,20201123,--,--,6.90
002127.SZ,南极电商,18.15,-3.30,定向增发机构配售股份,20200424,31136305.00,439021900.50,6.52
002128.SZ,露天煤业,10.39,1.86,定向增发机构配售股份,20200821,133033418.00,1439421582.76,7.05
002142.SZ,宁波银行,36.33,5.12,定向增发机构配售股份,20201116,--,--,20.74
002153.SZ,石基信息,33.72,0.00,定向增发机构配售股份,20201221,--,--,16.95
002160.SZ,常铝股份,4.51,-4.25,定向增发机构配售股份,20200925,--,--,2.76
002171.SZ,楚江新材,9.22,1.88,定向增发机构配售股份,20200203,25610929.00,161861071.28,6.22
002171.SZ,楚江新材,9.22,1.88,定向增发机构配售股份,20200331,2915184.00,21747272.64,5.43
002171.SZ,楚江新材,9.22,1.88,定向增发机构配售股份,20200622,121952554.00,1082938679.52,5.41
002171.SZ,楚江新材,9.22,1.88,定向增发机构配售股份,20201222,--,--,--
002174.SZ,游族网络,20.90,0.58,定向增发机构配售股份,20201218,--,--,25.55
002188.SZ,ST巴士,3.41,-2.57,定向增发机构配售股份,20200429,532788.00,2189758.68,11.86
002188.SZ,ST巴士,3.41,-2.57,定向增发机构配售股份,20200513,532788.00,2179102.92,11.86
002189.SZ,中光学,20.43,0.74,定向增发机构配售股份,20200413,22842345.00,379411350.45,15.31
002191.SZ,劲嘉股份,10.59,0.57,定向增发机构配售股份,20201103,--,--,8.06
002196.SZ,方正电机,5.24,-1.50,定向增发机构配售股份,20200224,30000000.00,180000000.00,4.70
002212.SZ,南洋股份,21.81,0.32,定向增发机构配售股份,20200221,218556698.00,5708700951.76,9.65
002225.SZ,濮耐股份,4.86,0.21,定向增发机构配售股份,20200724,145862881.00,660758850.93,4.16
002230.SZ,科大讯飞,37.52,0.73,定向增发机构配售股份,20200720,108000000.00,4079160000.00,26.94
002233.SZ,塔牌集团,15.83,1.67,定向增发机构配售股份,20201027,--,--,8.52
002235.SZ,安妮股份,10.41,-0.48,定向增发机构配售股份,20200928,--,--,10.51
002239.SZ,奥特佳,4.68,2.63,定向增发机构配售股份,20200519,39076132.00,126997429.00,1.61
002240.SZ,威华股份,13.60,6.92,定向增发机构配售股份,20201009,--,--,7.61
002240.SZ,威华股份,13.60,6.92,定向增发机构配售股份,20201116,--,--,14.75
002240.SZ,威华股份,13.60,6.92,定向增发机构配售股份,20201207,--,--,7.57
002243.SZ,通产丽星,14.59,0.21,定向增发机构配售股份,20201214,--,--,10.87
002243.SZ,通产丽星,14.59,0.21,定向增发机构配售股份,20201218,--,--,6.85
002246.SZ,北化股份,8.28,1.22,定向增发机构配售股份,20201113,--,--,9.76
002255.SZ,*ST海陆,4.26,0.71,定向增发机构配售股份,20201229,--,--,7.79
002265.SZ,西仪股份,9.07,2.95,定向增发机构配售股份,20200306,1175742.00,10616950.26,15.88
002268.SZ,卫士通,21.90,0.78,定向增发机构配售股份,20200323,27164689.00,648149479.54,18.32
002281.SZ,光迅科技,33.13,-0.36,定向增发机构配售股份,20200427,22922533.00,679882328.78,28.21
002282.SZ,博深股份,11.25,-2.26,定向增发机构配售股份,20200605,30881909.00,252614015.62,11.96
002291.SZ,星期六,18.18,1.00,定向增发机构配售股份,20200427,137081265.00,2407147013.40,5.00
002299.SZ,圣农发展,26.80,1.90,定向增发机构配售股份,20201106,--,--,14.26
002301.SZ,齐心集团,16.20,1.89,定向增发机构配售股份,20201022,--,--,10.32
002302.SZ,西部建设,11.25,1.08,定向增发机构配售股份,20201228,--,--,8.62
002307.SZ,北新路桥,6.87,0.44,定向增发机构配售股份,20201201,--,--,7.71
002313.SZ,日海智能,16.93,-0.06,定向增发机构配售股份,20201228,--,--,18.60
002320.SZ,海峡股份,11.52,1.41,定向增发机构配售股份,20200330,153087090.00,2418776022.00,6.50
002324.SZ,普利特,14.77,1.30,定向增发机构配售股份,20201211,--,--,7.36
002340.SZ,格林美,5.50,0.37,定向增发机构配售股份,20201123,--,--,3.79
002341.SZ,新纶科技,5.20,0.19,定向增发机构配售股份,20200610,9529501.00,48505160.09,9.97
002341.SZ,新纶科技,5.20,0.19,定向增发机构配售股份,20200729,56178442.00,301116449.12,6.89
002343.SZ,慈文传媒,9.12,1.90,定向增发机构配售股份,20201215,--,--,4.96
002345.SZ,潮宏基,3.74,1.63,定向增发机构配售股份,20200720,12060300.00,44020095.00,9.47
002359.SZ,*ST北讯,--,--,定向增发机构配售股份,20200601,123044776.00,156266865.52,13.29
002369.SZ,卓翼科技,9.06,4.26,定向增发机构配售股份,20200317,96769204.00,1031559714.64,7.76
002373.SZ,千方科技,24.86,-0.16,定向增发机构配售股份,20200515,30970851.00,725337330.42,11.87
002377.SZ,国创高新,4.18,-0.24,定向增发机构配售股份,20201023,--,--,7.97
002382.SZ,蓝帆医疗,27.32,-2.18,定向增发机构配售股份,20200706,62997278.00,1884878557.76,10.65
002388.SZ,新亚制程,7.53,0.40,定向增发机构配售股份,20200710,71083300.00,582883060.00,5.74
002389.SZ,航天彩虹,23.18,2.12,定向增发机构配售股份,20200921,--,--,6.39
002396.SZ,星网锐捷,29.85,1.67,定向增发机构配售股份,20200824,22539963.00,691075265.58,17.25
002405.SZ,四维图新,16.38,-3.99,定向增发机构配售股份,20200324,324512622.00,5127299427.60,11.29
002409.SZ,雅克科技,56.92,0.42,定向增发机构配售股份,20200106,5146298.00,128451598.08,11.54
002410.SZ,广联达,73.63,3.41,定向增发机构配售股份,20201222,--,--,50.48
002413.SZ,雷科防务,9.44,2.72,定向增发机构配售股份,20200807,13073846.00,147734459.80,11.13
002426.SZ,*ST胜利,1.92,-0.52,定向增发机构配售股份,20200910,--,--,3.55
002430.SZ,杭氧股份,22.15,1.98,定向增发机构配售股份,20200814,13283333.00,240826827.29,6.98
002434.SZ,万里扬,9.31,-0.32,定向增发机构配售股份,20201228,--,--,9.14
002439.SZ,启明星辰,38.60,-0.34,定向增发机构配售股份,20200120,27750313.00,1107237488.70,19.85
002439.SZ,启明星辰,38.60,-0.34,定向增发机构配售股份,20200525,2377051.00,92728759.51,9.64
002461.SZ,珠江啤酒,11.50,4.07,定向增发机构配售股份,20200312,853004944.00,5331280900.00,4.91
002465.SZ,海格通信,13.27,1.30,定向增发机构配售股份,20200706,67776458.00,916337712.16,10.06
002478.SZ,常宝股份,5.19,1.17,定向增发机构配售股份,20201120,--,--,4.96
002488.SZ,金固股份,6.55,-1.50,定向增发机构配售股份,20200427,54446460.00,335934658.20,10.86
002502.SZ,*ST鼎龙,3.03,0.67,定向增发机构配售股份,20200109,23379265.00,78320537.75,7.52
002526.SZ,山东矿机,2.69,0.37,定向增发机构配售股份,20200103,63121338.00,145810290.78,2.25
002540.SZ,亚太科技,5.18,1.77,定向增发机构配售股份,20201123,--,--,5.64
002542.SZ,中化岩土,3.79,1.34,定向增发机构配售股份,20201228,--,--,8.07
002544.SZ,杰赛科技,15.62,1.63,定向增发机构配售股份,20201221,--,--,29.82
002552.SZ,宝鼎科技,17.27,1.89,定向增发机构配售股份,20200914,--,--,12.74
002556.SZ,辉隆股份,9.14,-1.83,定向增发机构配售股份,20201026,--,--,6.25
002560.SZ,通达股份,10.03,2.24,定向增发机构配售股份,20200305,12711864.00,80211861.84,4.65
002567.SZ,唐人神,11.15,2.96,定向增发机构配售股份,20200324,24836655.00,182549414.25,6.38
002567.SZ,唐人神,11.15,2.96,定向增发机构配售股份,20200831,34685939.00,386748219.85,7.14
002582.SZ,好想你,15.92,-0.06,定向增发机构配售股份,20200708,38718810.00,480887620.20,7.88
002583.SZ,海能达,8.85,-0.90,定向增发机构配售股份,20201218,--,--,11.20
002585.SZ,双星新材,10.12,1.61,定向增发机构配售股份,20200420,67125646.00,379931156.36,8.64
002586.SZ,*ST围海,2.03,1.00,定向增发机构配售股份,20200313,123252859.00,317992376.22,7.47
002587.SZ,奥拓电子,6.26,0.81,定向增发机构配售股份,20200220,6150000.00,50430000.00,7.18
002587.SZ,奥拓电子,6.26,0.81,定向增发机构配售股份,20200804,5400000.00,32724000.00,7.08
002587.SZ,奥拓电子,6.26,0.81,定向增发机构配售股份,20201229,--,--,7.08
002591.SZ,恒大高新,7.89,-0.50,定向增发机构配售股份,20200601,20540071.00,146450706.23,13.09
002591.SZ,恒大高新,7.89,-0.50,定向增发机构配售股份,20200622,8937728.00,68373619.20,13.09
002596.SZ,海南瑞泽,6.70,0.15,定向增发机构配售股份,20200121,83564012.00,554029399.56,5.77
002596.SZ,海南瑞泽,6.70,0.15,定向增发机构配售股份,20200601,34409018.00,291788472.64,7.64
002599.SZ,盛通股份,4.67,-1.27,定向增发机构配售股份,20200302,34171673.00,169833214.81,8.12
002599.SZ,盛通股份,4.67,-1.27,定向增发机构配售股份,20200729,2239299.00,9673771.68,7.63
002602.SZ,世纪华通,10.84,2.46,定向增发机构配售股份,20200703,903596356.00,14041887372.24,11.93
002602.SZ,世纪华通,10.84,2.46,定向增发机构配售股份,20201015,--,--,9.56
002608.SZ,江苏国信,7.05,1.88,定向增发机构配售股份,20200106,2358364152.00,18159403970.40,8.91
002611.SZ,东方精工,4.89,-0.81,定向增发机构配售股份,20200427,193871164.00,872420238.00,5.72
002611.SZ,东方精工,4.89,-0.81,定向增发机构配售股份,20200603,24782609.00,103095653.44,5.72
002612.SZ,朗姿股份,10.45,-1.42,定向增发机构配售股份,20200820,19767146.00,190159944.52,8.69
002612.SZ,朗姿股份,10.45,-1.42,定向增发机构配售股份,20201016,--,--,6.68
002617.SZ,露笑科技,6.65,-2.35,定向增发机构配售股份,20200722,92826922.00,512404609.44,4.00
002617.SZ,露笑科技,6.65,-2.35,定向增发机构配售股份,20200907,--,--,4.45
002619.SZ,艾格拉斯,2.56,1.59,定向增发机构配售股份,20201019,--,--,4.93
002625.SZ,光启技术,21.33,0.24,定向增发机构配售股份,20200213,654249641.00,5011552250.06,4.19
002627.SZ,宜昌交运,6.36,-5.92,定向增发机构配售股份,20201023,--,--,6.44
002632.SZ,道明光学,8.83,0.23,定向增发机构配售股份,20200904,10003746.00,88333077.18,9.90
002640.SZ,跨境通,7.15,4.38,定向增发机构配售股份,20200514,23784004.00,132952582.36,15.74
002642.SZ,荣联科技,6.69,0.45,定向增发机构配售股份,20200415,26237385.00,165295525.50,20.81
002645.SZ,华宏科技,10.04,1.41,定向增发机构配售股份,20201028,--,--,8.17
002654.SZ,万润科技,4.74,1.07,定向增发机构配售股份,20200605,10691780.00,50037530.40,10.84
002656.SZ,ST摩登,1.90,0.53,定向增发机构配售股份,20200710,9966098.00,18237959.34,8.84
002656.SZ,ST摩登,1.90,0.53,定向增发机构配售股份,20200715,3555635.00,6684593.80,5.91
002668.SZ,奥马电器,5.26,0.96,定向增发机构配售股份,20200304,158318785.00,875502881.05,6.45
002669.SZ,康达新材,18.79,3.41,定向增发机构配售股份,20200316,11363633.00,153636318.16,10.93
002669.SZ,康达新材,18.79,3.41,定向增发机构配售股份,20200430,3922258.00,55539173.28,19.71
002681.SZ,*ST奋达,6.04,5.04,定向增发机构配售股份,20200907,--,--,8.64
002682.SZ,龙洲股份,4.22,0.96,定向增发机构配售股份,20200330,86791139.00,354975758.51,7.29
002682.SZ,龙洲股份,4.22,0.96,定向增发机构配售股份,20200512,20708162.00,80761831.80,7.79
002685.SZ,华东重机,6.19,0.00,定向增发机构配售股份,20200511,95675678.00,453502713.72,8.77
002696.SZ,百洋股份,6.91,0.88,定向增发机构配售股份,20200928,--,--,10.45
002707.SZ,众信旅游,9.20,10.05,定向增发机构配售股份,20200116,17332784.00,116302980.64,10.67
002709.SZ,天赐材料,41.25,2.43,定向增发机构配售股份,20200803,1193656.00,46576457.12,25.75
002712.SZ,思美传媒,10.20,3.03,定向增发机构配售股份,20200520,13420893.00,90725236.68,16.84
002712.SZ,思美传媒,10.20,3.03,定向增发机构配售股份,20200605,2936096.00,20905003.52,16.84
002714.SZ,牧原股份,89.73,1.28,定向增发机构配售股份,20200424,224491030.00,28824648252.00,13.17
002714.SZ,牧原股份,89.73,1.28,定向增发机构配售股份,20200903,--,--,38.19
002721.SZ,金一文化,4.17,0.48,定向增发机构配售股份,20201026,--,--,14.55
002721.SZ,金一文化,4.17,0.48,定向增发机构配售股份,20201222,--,--,11.35
002727.SZ,一心堂,40.08,7.34,定向增发机构配售股份,20201228,--,--,18.48
002738.SZ,中矿资源,16.06,0.88,定向增发机构配售股份,20200511,27097380.00,406460700.00,15.80
002739.SZ,万达电影,18.88,0.48,定向增发机构配售股份,20200527,190436922.00,3026042690.58,33.20
002740.SZ,爱迪尔,6.41,0.16,定向增发机构配售股份,20200420,9814782.00,72040499.88,10.63
002741.SZ,光华科技,13.75,1.48,定向增发机构配售股份,20200713,2845760.00,37905523.20,17.35
002753.SZ,永东股份,8.73,2.71,定向增发机构配售股份,20201104,--,--,7.56
002765.SZ,蓝黛传动,5.02,-1.18,定向增发机构配售股份,20200610,25095392.00,107408277.76,7.20
002765.SZ,蓝黛传动,5.02,-1.18,定向增发机构配售股份,20201222,--,--,3.33
002780.SZ,三夫户外,18.85,5.72,定向增发机构配售股份,20201221,--,--,17.97
002787.SZ,华源控股,8.60,-4.23,定向增发机构配售股份,20200203,6878900.00,47051676.00,6.85
002787.SZ,华源控股,8.60,-4.23,定向增发机构配售股份,20200805,2263894.00,18269624.58,16.12
002796.SZ,世嘉科技,20.33,0.30,定向增发机构配售股份,20200608,9775063.00,220427670.65,14.44
002798.SZ,帝欧家居,30.21,0.20,定向增发机构配售股份,20200513,43947161.00,1452893142.66,17.65
002803.SZ,吉宏股份,46.40,-0.69,定向增发机构配售股份,20200518,25393699.00,808789313.15,19.90
002806.SZ,华锋股份,12.70,-1.24,定向增发机构配售股份,20200928,--,--,20.88
002825.SZ,纳尔股份,17.06,-1.27,定向增发机构配售股份,20200828,671493.00,11455670.58,13.07
002837.SZ,英维克,25.36,1.04,定向增发机构配售股份,20200608,5105851.00,140513019.52,15.01
002851.SZ,麦格米特,30.31,-0.62,定向增发机构配售股份,20200918,--,--,13.88
002876.SZ,三利谱,43.93,1.04,定向增发机构配售股份,20201221,--,--,42.03
002915.SZ,中欣氟材,19.12,1.49,定向增发机构配售股份,20201019,--,--,14.27
002915.SZ,中欣氟材,19.12,1.49,定向增发机构配售股份,20201221,--,--,15.69
300008.SZ,天海防务,5.71,19.96,定向增发机构配售股份,20200601,187349500.00,547060540.00,5.54
300009.SZ,安科生物,17.73,3.68,定向增发机构配售股份,20200330,46123370.00,640653609.30,12.75
300011.SZ,鼎汉技术,7.16,-1.51,定向增发机构配售股份,20200803,27598926.00,185188793.46,14.86
300014.SZ,亿纬锂能,50.48,0.72,定向增发机构配售股份,20200521,114995400.00,6991720320.00,21.74
300034.SZ,钢研高纳,24.87,3.20,定向增发机构配售股份,20201012,--,--,14.63
300035.SZ,中科电气,8.51,1.55,定向增发机构配售股份,20200309,19565928.00,157310061.12,5.74
300035.SZ,中科电气,8.51,1.55,定向增发机构配售股份,20201120,--,--,5.05
300037.SZ,新宙邦,57.35,1.63,定向增发机构配售股份,20201111,--,--,34.60
300038.SZ,数知科技,8.89,-0.89,定向增发机构配售股份,20200610,355287007.00,2899141977.12,11.70
300041.SZ,回天新材,14.18,-0.14,定向增发机构配售股份,20200707,24928032.00,430756392.96,9.28
300044.SZ,赛为智能,8.05,0.63,定向增发机构配售股份,20200720,86689304.00,616360951.44,7.23
300045.SZ,华力创通,15.48,2.52,定向增发机构配售股份,20200525,6003757.00,69463468.49,15.93
300047.SZ,天源迪科,9.33,-0.32,定向增发机构配售股份,20201019,--,--,10.54
300050.SZ,世纪鼎利,6.08,-1.30,定向增发机构配售股份,20200110,6000000.00,36240000.00,7.56
300050.SZ,世纪鼎利,6.08,-1.30,定向增发机构配售股份,20200819,23462105.00,128103093.30,12.22
300050.SZ,世纪鼎利,6.08,-1.30,定向增发机构配售股份,20200901,7906151.00,48069398.08,12.64
300051.SZ,三五互联,7.84,-2.37,定向增发机构配售股份,20200930,--,--,9.78
300054.SZ,鼎龙股份,18.58,-0.64,定向增发机构配售股份,20200710,2087362.00,40139971.26,10.54
300054.SZ,鼎龙股份,18.58,-0.64,定向增发机构配售股份,20201209,--,--,8.59
300056.SZ,中创环保,6.74,-4.26,定向增发机构配售股份,20200117,288850.00,1851528.50,7.58
300056.SZ,中创环保,6.74,-4.26,定向增发机构配售股份,20200327,11293054.00,63466963.48,17.71
300064.SZ,豫金刚石,2.91,-8.49,定向增发机构配售股份,20200624,33103448.00,61903447.76,8.62
300068.SZ,南都电源,14.73,-1.34,定向增发机构配售股份,20200831,--,--,17.51
300073.SZ,当升科技,--,--,定向增发机构配售股份,20200915,--,--,8.86
300078.SZ,思创医惠,12.24,1.16,定向增发机构配售股份,20200213,54135335.00,742736796.20,10.90
300078.SZ,思创医惠,12.24,1.16,定向增发机构配售股份,20201209,--,--,11.14
300080.SZ,易成新能,5.64,-1.05,定向增发机构配售股份,20201014,--,--,3.79
300091.SZ,金通灵,4.57,-2.35,定向增发机构配售股份,20200225,60422960.00,240483380.80,3.30
300091.SZ,金通灵,4.57,-2.35,定向增发机构配售股份,20200515,28165444.00,92382656.32,6.86
300094.SZ,国联水产,5.88,6.33,定向增发机构配售股份,20200224,125773195.00,513154635.60,4.82
300098.SZ,高新兴,6.44,-0.16,定向增发机构配售股份,20201222,--,--,8.83
300109.SZ,新开源,17.42,0.17,定向增发机构配售股份,20200630,93764375.00,1388650393.75,16.15
300109.SZ,新开源,17.42,0.17,定向增发机构配售股份,20200728,6400000.00,102912000.00,16.15
300120.SZ,经纬辉开,17.40,-4.92,定向增发机构配售股份,20200910,--,--,5.47
300120.SZ,经纬辉开,17.40,-4.92,定向增发机构配售股份,20201116,--,--,9.39
300123.SZ,亚光科技,19.26,3.44,定向增发机构配售股份,20201023,--,--,7.15
300124.SZ,汇川技术,57.89,-1.38,定向增发机构配售股份,20201207,--,--,21.63
300132.SZ,青松股份,23.82,2.58,定向增发机构配售股份,20200528,74205387.00,1262233632.87,11.56
300140.SZ,中环装备,11.06,-3.83,定向增发机构配售股份,20200121,20394042.00,216176845.20,16.38
300140.SZ,中环装备,11.06,-3.83,定向增发机构配售股份,20200330,13836477.00,155106907.17,7.95
300140.SZ,中环装备,11.06,-3.83,定向增发机构配售股份,20200731,6321889.00,66759147.84,16.38
300150.SZ,世纪瑞尔,5.32,0.38,定向增发机构配售股份,20200605,7106350.00,31978575.00,8.52
300164.SZ,通源石油,4.71,-3.09,定向增发机构配售股份,20200508,35337042.00,145235242.62,--
300180.SZ,华峰超纤,7.41,0.41,定向增发机构配售股份,20200724,412449479.00,3010881196.70,4.74
300184.SZ,力源信息,7.00,-0.43,定向增发机构配售股份,20200323,109487158.00,707287040.68,6.05
300184.SZ,力源信息,7.00,-0.43,定向增发机构配售股份,20200414,318074025.00,2296494460.50,6.05
300190.SZ,维尔利,10.17,7.28,定向增发机构配售股份,20200629,19038247.00,142406087.56,8.54
300192.SZ,科斯伍德,26.44,-1.34,定向增发机构配售股份,20201112,--,--,13.50
300197.SZ,铁汉生态,3.21,-1.23,定向增发机构配售股份,20200316,10712517.00,34065804.06,6.80
300200.SZ,高盟新材,11.85,-1.00,定向增发机构配售股份,20200708,47051171.00,852096706.81,13.91
300201.SZ,海伦哲,4.55,0.66,定向增发机构配售股份,20200720,86781802.00,359276660.28,2.84
300209.SZ,天泽信息,15.27,-2.68,定向增发机构配售股份,20200615,64524059.00,820100789.89,21.96
300221.SZ,银禧科技,6.43,-1.23,定向增发机构配售股份,20200302,31920857.00,178756799.20,11.02
300222.SZ,科大智能,14.07,-3.37,定向增发机构配售股份,20200616,73709436.00,601468997.76,3.20
300224.SZ,正海磁材,10.38,4.43,定向增发机构配售股份,20200319,75803212.00,601877503.28,9.64
300227.SZ,光韵达,11.14,-0.27,定向增发机构配售股份,20200528,24356777.00,203379087.95,7.82
300227.SZ,光韵达,11.14,-0.27,定向增发机构配售股份,20200731,49531403.00,646880123.18,5.56
300232.SZ,洲明科技,9.35,-0.85,定向增发机构配售股份,20201221,--,--,7.22
300233.SZ,金城医药,34.40,1.66,定向增发机构配售股份,20200327,16835016.00,362121194.16,17.29
300239.SZ,东宝生物,6.06,0.17,定向增发机构配售股份,20200330,60000000.00,282600000.00,3.84
300241.SZ,瑞丰光电,8.51,3.65,定向增发机构配售股份,20200206,5841444.00,33588303.00,4.50
300242.SZ,佳云科技,6.85,-2.56,定向增发机构配售股份,20200402,9001072.00,42035006.24,6.92
300242.SZ,佳云科技,6.85,-2.56,定向增发机构配售股份,20200622,5264324.00,35165684.32,4.01
300244.SZ,迪安诊断,44.42,3.23,定向增发机构配售股份,20200116,69428843.00,1646157867.53,15.46
300266.SZ,兴源环境,3.98,-2.45,定向增发机构配售股份,20201117,--,--,14.15
300269.SZ,联建光电,4.23,-9.23,定向增发机构配售股份,20200214,4742728.00,19350330.24,12.13
300269.SZ,联建光电,4.23,-9.23,定向增发机构配售股份,20200306,2881185.00,13512757.65,6.21
300271.SZ,华宇软件,27.02,2.31,定向增发机构配售股份,20200907,--,--,16.53
300271.SZ,华宇软件,27.02,2.31,定向增发机构配售股份,20201016,--,--,15.62
300276.SZ,三丰智能,5.64,-1.23,定向增发机构配售股份,20201229,--,--,6.34
300278.SZ,华昌达,6.04,-0.49,定向增发机构配售股份,20200828,8309158.00,50187314.32,3.98
300280.SZ,紫天科技,48.00,1.57,定向增发机构配售股份,20200518,14324169.00,435741220.98,28.01
300281.SZ,金明精机,7.43,1.50,定向增发机构配售股份,20200924,--,--,8.52
300282.SZ,三盛教育,6.81,-2.44,定向增发机构配售股份,20200303,8348211.00,64364706.81,19.64
300284.SZ,苏交科,8.88,2.07,定向增发机构配售股份,20200716,29046774.00,225983901.72,11.15
300285.SZ,国瓷材料,41.69,3.55,定向增发机构配售股份,20200615,18452599.00,473862742.32,12.21
300290.SZ,荣科科技,8.25,0.86,定向增发机构配售股份,20200304,41697950.00,342340169.50,3.90
300302.SZ,同有科技,15.90,3.99,定向增发机构配售股份,20200413,5321214.00,56138807.70,9.86
300302.SZ,同有科技,15.90,3.99,定向增发机构配售股份,20200522,5321214.00,59597596.80,9.86
300302.SZ,同有科技,15.90,3.99,定向增发机构配售股份,20201112,--,--,9.68
300308.SZ,中际旭创,59.42,-0.44,定向增发机构配售股份,20200410,48129252.00,2768394575.04,32.23
300308.SZ,中际旭创,59.42,-0.44,定向增发机构配售股份,20200714,249325551.00,17318152772.46,9.62
300308.SZ,中际旭创,59.42,-0.44,定向增发机构配售股份,20200811,50664696.00,2860528736.16,9.62
300331.SZ,苏大维格,34.97,0.49,定向增发机构配售股份,20200106,32343445.00,686327902.90,20.54
300332.SZ,天壕环境,5.48,-5.84,定向增发机构配售股份,20200120,127223006.00,519069864.48,8.15
300334.SZ,津膜科技,9.49,-4.91,定向增发机构配售股份,20200203,1190654.00,6643849.32,15.41
300338.SZ,开元股份,8.62,0.82,定向增发机构配售股份,20200402,73239409.00,602027941.98,14.58
300340.SZ,科恒股份,14.24,5.25,定向增发机构配售股份,20201109,--,--,14.19
300342.SZ,天银机电,16.95,0.42,定向增发机构配售股份,20200601,8900536.00,173560452.00,12.73
300343.SZ,联创股份,3.09,-4.63,定向增发机构配售股份,20201228,--,--,5.20
300348.SZ,长亮科技,21.27,0.81,定向增发机构配售股份,20200116,620838.00,15626492.46,11.61
300358.SZ,楚天科技,12.59,2.78,定向增发机构配售股份,20200306,15346550.00,122618934.50,10.59
300365.SZ,恒华科技,12.40,2.48,定向增发机构配售股份,20201009,--,--,11.46
300375.SZ,鹏翎股份,5.24,-4.03,定向增发机构配售股份,20201120,--,--,3.40
300375.SZ,鹏翎股份,5.24,-4.03,定向增发机构配售股份,20201215,--,--,4.90
300383.SZ,光环新网,26.34,-0.75,定向增发机构配售股份,20200429,8241279.00,217981829.55,12.02
300385.SZ,雪浪环境,7.83,-6.56,定向增发机构配售股份,20201214,--,--,11.38
300388.SZ,国祯环保,10.34,-5.83,定向增发机构配售股份,20200727,109790001.00,1105585310.07,8.47
300390.SZ,天华超净,17.79,5.14,定向增发机构配售股份,20201225,--,--,5.27
300391.SZ,康跃科技,18.60,7.83,定向增发机构配售股份,20200525,22268451.00,263435775.33,10.78
300393.SZ,中来股份,8.67,0.35,定向增发机构配售股份,20201228,--,--,8.11
300395.SZ,菲利华,45.57,2.43,定向增发机构配售股份,20201026,--,--,17.99
300398.SZ,飞凯材料,22.29,2.30,定向增发机构配售股份,20201022,--,--,14.23
300409.SZ,道氏技术,12.82,-1.91,定向增发机构配售股份,20201207,--,--,23.69
300410.SZ,正业科技,8.77,-3.41,定向增发机构配售股份,20200221,7472747.00,60454523.23,21.15
300411.SZ,金盾股份,12.80,3.90,定向增发机构配售股份,20201103,--,--,14.93
300413.SZ,芒果超媒,70.73,6.68,定向增发机构配售股份,20200703,97337531.00,5995991909.60,20.55
300414.SZ,中光防雷,14.31,2.58,定向增发机构配售股份,20201009,--,--,17.64
300420.SZ,五洋停车,7.55,-3.21,定向增发机构配售股份,20201116,--,--,--
300425.SZ,中建环能,5.69,-5.33,定向增发机构配售股份,20200219,12022960.00,56267452.80,8.21
300425.SZ,中建环能,5.69,-5.33,定向增发机构配售股份,20201203,--,--,5.87
300427.SZ,红相股份,30.72,2.06,定向增发机构配售股份,20200302,5753968.00,113583328.32,9.99
300427.SZ,红相股份,30.72,2.06,定向增发机构配售股份,20201013,--,--,16.46
300428.SZ,四通新材,17.97,-1.70,定向增发机构配售股份,20200114,10792132.00,174508774.44,10.58
300428.SZ,四通新材,17.97,-1.70,定向增发机构配售股份,20200429,48725211.00,711388080.60,10.49
300430.SZ,诚益通,8.77,-0.90,定向增发机构配售股份,20200417,13152248.00,98904904.96,21.98
300432.SZ,富临精工,10.19,-0.97,定向增发机构配售股份,20200330,31667684.00,268858637.16,16.00
300434.SZ,金石亚药,9.16,-0.97,定向增发机构配售股份,20200818,102351276.00,889432588.44,12.67
300435.SZ,中泰股份,13.15,1.70,定向增发机构配售股份,20201117,--,--,8.95
300435.SZ,中泰股份,13.15,1.70,定向增发机构配售股份,20201209,--,--,10.38
300441.SZ,鲍斯股份,10.16,-2.21,定向增发机构配售股份,20200609,16656004.00,157232677.76,10.33
300447.SZ,全信股份,13.31,3.26,定向增发机构配售股份,20200907,--,--,20.96
300449.SZ,汉邦高科,14.63,0.69,定向增发机构配售股份,20200929,--,--,22.14
300450.SZ,先导智能,45.13,0.58,定向增发机构配售股份,20200624,31536868.00,1452272771.40,16.72
300451.SZ,创业慧康,16.24,4.04,定向增发机构配售股份,20200828,90018009.00,1461892466.16,8.66
300455.SZ,康拓红外,17.00,1.80,定向增发机构配售股份,20201231,--,--,7.49
300457.SZ,赢合科技,31.91,-0.38,定向增发机构配售股份,20200313,7659722.00,448476723.10,25.46
300462.SZ,华铭智能,26.39,-1.60,定向增发机构配售股份,20201026,--,--,13.76
300464.SZ,星徽精密,27.32,-2.95,定向增发机构配售股份,20200226,53599634.00,792202590.52,8.00
300464.SZ,星徽精密,27.32,-2.95,定向增发机构配售股份,20200605,20327960.00,194335297.60,8.00
300464.SZ,星徽精密,27.32,-2.95,定向增发机构配售股份,20201026,--,--,7.90
300466.SZ,赛摩智能,6.75,0.60,定向增发机构配售股份,20201013,--,--,14.92
300467.SZ,迅游科技,18.32,-1.19,定向增发机构配售股份,20201208,--,--,39.51
300477.SZ,合纵科技,7.08,2.76,定向增发机构配售股份,20200907,--,--,7.97
300477.SZ,合纵科技,7.08,2.76,定向增发机构配售股份,20201012,--,--,9.83
300479.SZ,神思电子,17.61,-0.17,定向增发机构配售股份,20200326,4354545.00,68584083.75,13.17
300479.SZ,神思电子,17.61,-0.17,定向增发机构配售股份,20200619,1644064.00,25219941.76,27.08
300480.SZ,光力科技,18.96,0.58,定向增发机构配售股份,20200814,9790523.00,177991708.14,15.25
300483.SZ,沃施股份,35.81,-1.76,定向增发机构配售股份,20200226,24374913.00,912596742.72,25.80
300483.SZ,沃施股份,35.81,-1.76,定向增发机构配售股份,20200325,8753095.00,288239418.35,25.80
300486.SZ,东杰智能,20.85,-0.34,定向增发机构配售股份,20200304,19051651.00,510584246.80,11.78
300486.SZ,东杰智能,20.85,-0.34,定向增发机构配售股份,20201026,--,--,14.56
300490.SZ,华自科技,9.83,-1.50,定向增发机构配售股份,20201130,--,--,23.11
300491.SZ,通合科技,14.20,1.07,定向增发机构配售股份,20200323,2962234.00,45618403.60,14.95
300495.SZ,美尚生态,8.91,-1.76,定向增发机构配售股份,20200402,79487178.00,843358958.58,11.60
300500.SZ,启迪设计,16.19,-0.43,定向增发机构配售股份,20200312,3577168.00,55446104.00,26.46
300503.SZ,昊志机电,17.35,-0.40,定向增发机构配售股份,20200221,32952669.00,423441796.65,8.20
300505.SZ,川金诺,19.05,-3.89,定向增发机构配售股份,20200227,7166122.00,147622113.20,21.36
300513.SZ,恒实科技,14.28,1.49,定向增发机构配售股份,20200424,8132555.00,104015378.45,13.28
300520.SZ,科大国创,22.87,1.55,定向增发机构配售股份,20200110,8861388.00,173417363.16,18.73
300520.SZ,科大国创,22.87,1.55,定向增发机构配售股份,20201211,--,--,16.57
300523.SZ,辰安科技,49.10,0.10,定向增发机构配售股份,20200122,5481640.00,279782905.60,27.29
300523.SZ,辰安科技,49.10,0.10,定向增发机构配售股份,20200420,6134751.00,247966635.42,28.09
300523.SZ,辰安科技,49.10,0.10,定向增发机构配售股份,20200515,319804.00,13358213.08,27.29
300525.SZ,博思软件,42.78,3.89,定向增发机构配售股份,20201016,--,--,18.95
300531.SZ,优博讯,24.09,1.01,定向增发机构配售股份,20201228,--,--,14.94
300537.SZ,广信材料,16.81,1.45,定向增发机构配售股份,20200717,6111996.00,112094006.64,27.40
300563.SZ,神宇股份,34.51,2.40,定向增发机构配售股份,20201203,--,--,24.01
300568.SZ,星源材质,20.04,-1.09,定向增发机构配售股份,20200820,68721331.00,1294022662.73,12.42
300578.SZ,会畅通讯,42.54,-2.21,定向增发机构配售股份,20200205,8417706.00,335024698.80,18.22
300578.SZ,会畅通讯,42.54,-2.21,定向增发机构配售股份,20200518,11277913.00,458898279.97,18.22
300578.SZ,会畅通讯,42.54,-2.21,定向增发机构配售股份,20201106,--,--,24.92
300596.SZ,利安隆,34.92,0.37,定向增发机构配售股份,20200723,2250937.00,76644404.85,23.86
300601.SZ,康泰生物,206.43,4.08,定向增发机构配售股份,20201120,--,--,109.83
300602.SZ,飞荣达,29.38,-0.68,定向增发机构配售股份,20201112,--,--,26.72
300603.SZ,立昂技术,17.90,-0.67,定向增发机构配售股份,20200507,27881001.00,780668028.00,15.87
300604.SZ,长川科技,28.70,0.99,定向增发机构配售股份,20200928,--,--,15.83
300609.SZ,汇纳科技,37.99,-9.76,定向增发机构配售股份,20201207,--,--,30.61
300629.SZ,新劲刚,32.74,1.68,定向增发机构配售股份,20201016,--,--,15.29
300629.SZ,新劲刚,32.74,1.68,定向增发机构配售股份,20201124,--,--,17.74
300630.SZ,普利制药,48.23,2.25,定向增发机构配售股份,20201029,--,--,39.02
300638.SZ,广和通,69.60,-0.57,定向增发机构配售股份,20201130,--,--,30.26
300655.SZ,晶瑞股份,38.40,2.40,定向增发机构配售股份,20201204,--,--,27.83
300657.SZ,弘信电子,19.42,2.75,定向增发机构配售股份,20200910,--,--,14.38
300667.SZ,必创科技,22.83,9.29,定向增发机构配售股份,20201027,--,--,15.25
300667.SZ,必创科技,22.83,9.29,定向增发机构配售股份,20201223,--,--,15.21
300670.SZ,大烨智能,8.20,-1.21,定向增发机构配售股份,20201230,--,--,10.19
300671.SZ,富满电子,54.51,7.03,定向增发机构配售股份,20201230,--,--,22.20
300673.SZ,佩蒂股份,41.10,5.17,定向增发机构配售股份,20201113,--,--,22.11
300682.SZ,朗新科技,18.25,-0.82,定向增发机构配售股份,20200624,70857847.00,1202457663.59,10.05
300732.SZ,设研院,15.50,-0.96,定向增发机构配售股份,20200122,3049065.00,53450109.45,27.22
300732.SZ,设研院,15.50,-0.96,定向增发机构配售股份,20200528,2378211.00,38645928.75,27.22
300735.SZ,光弘科技,18.21,-0.38,定向增发机构配售股份,20201027,--,--,16.72
300746.SZ,汉嘉设计,14.74,-1.54,定向增发机构配售股份,20200930,--,--,19.51
600000.SH,浦发银行,10.46,1.06,定向增发机构配售股份,20200904,--,--,10.81
600027.SH,华电国际,4.06,1.00,定向增发机构配售股份,20200720,1150000000.00,4508000000.00,2.53
600035.SH,楚天高速,3.05,0.66,定向增发机构配售股份,20200224,91574688.00,285713026.56,4.26
600039.SH,四川路桥,4.41,0.69,定向增发机构配售股份,20200911,--,--,3.73
600050.SH,中国联通,5.22,0.39,定向增发机构配售股份,20201102,--,--,6.66
600061.SH,国投资本,15.15,4.56,定向增发机构配售股份,20201027,--,--,14.65
600070.SH,浙江富润,13.19,0.61,定向增发机构配售股份,20200120,37748906.00,483563485.86,7.27
600070.SH,浙江富润,13.19,0.61,定向增发机构配售股份,20200515,42849152.00,385642368.00,7.27
600079.SH,人福医药,37.03,5.95,定向增发机构配售股份,20201103,--,--,17.40
600097.SH,开创国际,10.40,-0.19,定向增发机构配售股份,20201207,--,--,15.03
600104.SH,上汽集团,18.94,-1.35,定向增发机构配售股份,20200120,180028508.00,4347688468.20,19.48
600120.SH,浙江东方,6.95,1.17,定向增发机构配售股份,20200615,533203838.00,3380512332.92,5.01
600131.SH,国网信通,22.12,0.78,定向增发机构配售股份,20201109,--,--,16.72
600131.SH,国网信通,22.12,0.78,定向增发机构配售股份,20201228,--,--,5.53
600133.SH,东湖高新,6.46,-0.16,定向增发机构配售股份,20200921,--,--,8.43
600133.SH,东湖高新,6.46,-0.16,定向增发机构配售股份,20201123,--,--,5.26
600133.SH,东湖高新,6.46,-0.16,定向增发机构配售股份,20201207,--,--,8.96
600141.SH,兴发集团,11.65,-1.02,定向增发机构配售股份,20200824,29544548.00,345375766.12,9.41
600141.SH,兴发集团,11.65,-1.02,定向增发机构配售股份,20201210,--,--,9.05
600152.SH,维科技术,6.65,1.53,定向增发机构配售股份,20200907,--,--,9.63
600162.SH,香江控股,2.18,0.00,定向增发机构配售股份,20200414,414572865.00,845728644.60,3.53
600170.SH,上海建工,3.22,-4.45,定向增发机构配售股份,20200302,417487799.00,1502956076.40,2.72
600171.SH,上海贝岭,17.84,0.45,定向增发机构配售股份,20201214,--,--,13.50
600172.SH,黄河旋风,3.07,0.66,定向增发机构配售股份,20200326,37539103.00,117872783.42,5.29
600179.SH,*ST安通,4.89,-1.61,定向增发机构配售股份,20200707,14000000.00,62020000.00,5.15
600187.SH,国中水务,2.75,1.10,定向增发机构配售股份,20200302,198310900.00,464047506.00,4.80
600189.SH,吉林森工,6.73,9.97,定向增发机构配售股份,20200716,15358060.00,50835178.60,7.23
600189.SH,吉林森工,6.73,9.97,定向增发机构配售股份,20201116,--,--,7.23
600199.SH,金种子酒,7.30,2.82,定向增发机构配售股份,20200407,50694389.00,260569159.46,5.64
600200.SH,江苏吴中,6.50,-6.88,定向增发机构配售股份,20200422,1623966.00,11757513.84,21.87
600211.SH,西藏药业,99.84,0.70,定向增发机构配售股份,20200506,47642287.00,1313497852.59,24.68
600217.SH,中再资环,5.67,0.53,定向增发机构配售股份,20200421,69749006.00,366182281.50,6.63
600219.SH,南山铝业,2.59,1.57,定向增发机构配售股份,20200608,2163141993.00,4499335345.44,2.87
600222.SH,太龙药业,6.10,0.83,定向增发机构配售股份,20200424,3503650.00,20601462.00,6.83
600226.SH,*ST瀚叶,1.69,4.97,定向增发机构配售股份,20200813,457039100.00,534735747.00,1.70
600241.SH,*ST时万,3.69,1.93,定向增发机构配售股份,20201211,--,--,11.67
600242.SH,*ST中昌,2.75,-1.08,定向增发机构配售股份,20200921,--,--,13.00
600248.SH,延长化建,4.35,0.69,定向增发机构配售股份,20201130,--,--,5.22
600250.SH,南纺股份,6.74,-1.61,定向增发机构配售股份,20201228,--,--,7.19
600260.SH,凯乐科技,13.54,1.05,定向增发机构配售股份,20200623,23576490.00,308380489.20,16.91
600268.SH,国电南自,7.78,0.00,定向增发机构配售股份,20201221,--,--,6.27
600273.SH,嘉化能源,10.41,2.26,定向增发机构配售股份,20200713,18997912.00,190359078.24,8.82
600277.SH,亿利洁能,3.59,-0.83,定向增发机构配售股份,20200210,64935064.00,253246749.60,6.69
600279.SH,重庆港九,3.92,1.03,定向增发机构配售股份,20201211,--,--,3.71
600295.SH,鄂尔多斯,9.21,0.11,定向增发机构配售股份,20201130,--,--,7.01
600318.SH,新力金融,11.77,4.34,定向增发机构配售股份,20200601,20209477.00,169557512.03,6.86
600328.SH,中盐化工,7.92,0.13,定向增发机构配售股份,20201026,--,--,6.48
600333.SH,长春燃气,4.18,0.48,定向增发机构配售股份,20200713,79410876.00,334319787.96,6.56
600337.SH,美克家居,5.62,-1.06,定向增发机构配售股份,20200914,--,--,4.87
600339.SH,中油工程,2.89,4.33,定向增发机构配售股份,20200103,4030966809.00,14189003167.68,4.63
600378.SH,昊华科技,22.53,2.27,定向增发机构配售股份,20201009,--,--,11.80
600387.SH,海越能源,7.41,-4.02,定向增发机构配售股份,20201130,--,--,12.96
600390.SH,五矿资本,8.08,0.12,定向增发机构配售股份,20200120,3881820161.00,33500107989.43,8.08
600392.SH,盛和资源,7.78,1.83,定向增发机构配售股份,20200224,219520715.00,1771532170.05,6.53
600392.SH,盛和资源,7.78,1.83,定向增发机构配售股份,20200413,101374000.00,734961500.00,6.53
600406.SH,国电南瑞,23.14,2.80,定向增发机构配售股份,20201228,--,--,12.88
600409.SH,三友化工,5.75,0.70,定向增发机构配售股份,20200619,27027027.00,123783783.66,6.23
600420.SH,现代制药,10.44,1.46,定向增发机构配售股份,20200309,451470156.00,4433436931.92,14.19
600429.SH,三元股份,6.24,3.31,定向增发机构配售股份,20200206,612557426.00,3032159258.70,6.47
600448.SH,华纺股份,4.08,0.74,定向增发机构配售股份,20201130,--,--,4.92
600461.SH,洪城水业,6.99,-0.43,定向增发机构配售股份,20201116,--,--,5.64
600475.SH,华光环能,14.15,1.51,定向增发机构配售股份,20200805,418896733.00,5655105895.50,13.25
600478.SH,科力远,4.00,0.25,定向增发机构配售股份,20200407,134444823.00,540468188.46,4.47
600487.SH,亨通光电,16.46,0.18,定向增发机构配售股份,20200728,43360433.00,711544705.53,18.09
600488.SH,天药股份,5.01,1.01,定向增发机构配售股份,20200825,10482538.00,52727166.14,5.37
600490.SH,鹏欣资源,4.10,1.24,定向增发机构配售股份,20200303,80000000.00,325600000.00,8.45
600490.SH,鹏欣资源,4.10,1.24,定向增发机构配售股份,20200422,107334524.00,381037560.20,5.59
600497.SH,驰宏锌锗,4.07,1.50,定向增发机构配售股份,20201130,--,--,4.65
600498.SH,烽火通信,26.16,0.04,定向增发机构配售股份,20200928,--,--,25.57
600499.SH,科达制造,4.48,0.45,定向增发机构配售股份,20201130,--,--,7.19
600502.SH,安徽建工,4.73,0.64,定向增发机构配售股份,20200703,556265118.00,2291812286.16,5.19
600502.SH,安徽建工,4.73,0.64,定向增发机构配售股份,20200803,254165131.00,1184409510.46,5.02
600509.SH,天富能源,3.78,1.07,定向增发机构配售股份,20201109,--,--,6.79
600511.SH,国药股份,46.04,3.09,定向增发机构配售股份,20200608,275702998.00,8568849177.84,24.08
600517.SH,国网英大,7.29,1.67,定向增发机构配售股份,20201116,--,--,5.50
600521.SH,华海药业,44.83,10.01,定向增发机构配售股份,20200910,--,--,12.44
600527.SH,江南高纤,3.13,-0.64,定向增发机构配售股份,20201110,--,--,2.60
600528.SH,中铁工业,9.67,1.15,定向增发机构配售股份,20200713,383802693.00,3849541010.79,11.27
600545.SH,卓郎智能,5.04,1.00,定向增发机构配售股份,20200907,--,--,6.04
600547.SH,山东黄金,28.98,1.05,定向增发机构配售股份,20200515,153820052.00,5677498119.32,10.12
600547.SH,山东黄金,28.98,1.05,定向增发机构配售股份,20201020,--,--,7.12
600557.SH,康缘药业,13.03,1.80,定向增发机构配售股份,20200520,17917886.00,234186770.02,19.66
600559.SH,老白干酒,13.19,3.21,定向增发机构配售股份,20200213,31471333.00,301180656.81,8.87
600559.SH,老白干酒,13.19,3.21,定向增发机构配售股份,20200403,20563979.00,174793821.50,11.16
600576.SH,祥源文化,4.35,0.00,定向增发机构配售股份,20200107,93524444.00,489132842.12,7.78
600578.SH,京能电力,3.21,0.31,定向增发机构配售股份,20200224,1411710154.00,4065725243.52,3.58
600584.SH,长电科技,42.08,0.94,定向增发机构配售股份,20200619,173076921.00,4936153786.92,16.37
600602.SH,云赛智联,7.28,0.28,定向增发机构配售股份,20200914,--,--,8.14
600603.SH,广汇物流,5.33,0.76,定向增发机构配售股份,20200427,203863298.00,1023393755.96,5.94
600621.SH,华鑫股份,22.28,4.26,定向增发机构配售股份,20200506,405649266.00,6855472595.40,9.32
600621.SH,华鑫股份,22.28,4.26,定向增发机构配售股份,20200515,120000000.00,2156400000.00,10.30
600629.SH,华建集团,9.17,3.03,定向增发机构配售股份,20200303,71201310.00,589546846.80,13.26
600640.SH,号百控股,17.46,2.47,定向增发机构配售股份,20200309,206296213.00,3960887289.60,14.18
600645.SH,中源协和,29.72,0.41,定向增发机构配售股份,20200727,27193524.00,688540027.68,16.07
600649.SH,城投控股,5.83,0.52,定向增发机构配售股份,20200408,108783412.00,585254756.56,14.74
600654.SH,ST中安,1.63,-0.61,定向增发机构配售股份,20201231,--,--,7.15
600661.SH,昂立教育,16.63,0.00,定向增发机构配售股份,20200623,27472304.00,435161295.36,21.36
600667.SH,太极实业,11.40,0.80,定向增发机构配售股份,20200120,414859436.00,3974353396.88,4.80
600681.SH,百川能源,5.94,1.19,定向增发机构配售股份,20201123,--,--,8.04
600682.SH,南京新百,14.10,2.92,定向增发机构配售股份,20200212,109454721.00,1058427152.07,18.43
600682.SH,南京新百,14.10,2.92,定向增发机构配售股份,20200710,53418803.00,763888882.90,9.36
600704.SH,物产中大,4.95,-0.40,定向增发机构配售股份,20201111,--,--,4.77
600707.SH,彩虹股份,4.53,-1.31,定向增发机构配售股份,20201013,--,--,6.74
600710.SH,苏美达,5.23,2.15,定向增发机构配售股份,20200514,303521199.00,1469042603.16,--
600711.SH,盛屯矿业,5.94,1.02,定向增发机构配售股份,20200520,193924713.00,752427886.44,5.26
600711.SH,盛屯矿业,5.94,1.02,定向增发机构配售股份,20200702,170711294.00,889405841.74,4.78
600715.SH,文投控股,3.29,-1.79,定向增发机构配售股份,20200629,205724500.00,547227170.00,11.04
600715.SH,文投控股,3.29,-1.79,定向增发机构配售股份,20200821,364929400.00,1280902194.00,3.20
600721.SH,ST百花,5.01,-1.18,定向增发机构配售股份,20200203,51403271.00,318700280.20,12.28
600721.SH,ST百花,5.01,-1.18,定向增发机构配售股份,20200928,--,--,12.28
600733.SH,北汽蓝谷,6.53,-1.36,定向增发机构配售股份,20200203,138310200.00,806348466.00,7.70
600737.SH,中粮糖业,9.51,-6.58,定向增发机构配售股份,20200414,59222605.00,522935602.15,7.52
600738.SH,兰州民百,5.40,1.31,定向增发机构配售股份,20200518,328840280.00,1667220219.60,5.42
600740.SH,山西焦化,4.87,1.04,定向增发机构配售股份,20200203,83879420.00,478112694.00,7.46
600745.SH,闻泰科技,138.03,0.83,定向增发机构配售股份,20201102,--,--,24.65
600745.SH,闻泰科技,138.03,0.83,定向增发机构配售股份,20201221,--,--,77.85
600758.SH,辽宁能源,3.33,-0.60,定向增发机构配售股份,20200110,535048889.00,2279308267.14,6.49
600760.SH,中航沈飞,58.60,1.21,定向增发机构配售股份,20201214,--,--,8.00
600760.SH,中航沈飞,58.60,1.21,定向增发机构配售股份,20201221,--,--,27.78
600764.SH,中国海防,36.44,3.73,定向增发机构配售股份,20201019,--,--,15.98
600764.SH,中国海防,36.44,3.73,定向增发机构配售股份,20201218,--,--,24.91
600765.SH,中航重机,13.31,0.08,定向增发机构配售股份,20201217,--,--,8.49
600793.SH,宜宾纸业,11.22,-0.88,定向增发机构配售股份,20200518,21060000.00,296524800.00,18.01
600797.SH,浙大网新,9.66,-0.31,定向增发机构配售股份,20200914,--,--,12.78
600828.SH,茂业商业,4.32,1.41,定向增发机构配售股份,20200814,1076228274.00,4832264950.26,5.96
600848.SH,上海临港,23.24,0.22,定向增发机构配售股份,20200106,118137384.00,2908542394.08,13.95
600848.SH,上海临港,23.24,0.22,定向增发机构配售股份,20200210,106609808.00,2267590616.16,13.95
600848.SH,上海临港,23.24,0.22,定向增发机构配售股份,20200716,33883276.00,783720173.88,20.33
600848.SH,上海临港,23.24,0.22,定向增发机构配售股份,20201202,--,--,23.71
600855.SH,航天长峰,17.29,2.19,定向增发机构配售股份,20201224,--,--,10.94
600866.SH,星湖科技,5.06,0.40,定向增发机构配售股份,20200217,22221248.00,125994476.16,4.61
600866.SH,星湖科技,5.06,0.40,定向增发机构配售股份,20200320,16665936.00,88162801.44,4.61
600866.SH,星湖科技,5.06,0.40,定向增发机构配售股份,20200427,38072562.00,185032651.32,4.41
600879.SH,航天电子,7.59,0.93,定向增发机构配售股份,20200421,301572758.00,2135135126.64,8.24
600881.SH,亚泰集团,3.50,1.16,定向增发机构配售股份,20200622,25531914.00,75574465.44,4.64
600888.SH,新疆众和,5.63,1.44,定向增发机构配售股份,20200706,87844035.00,445369257.45,4.30
600893.SH,航发动力,43.89,5.03,定向增发机构配售股份,20200928,--,--,31.47
600958.SH,东方证券,11.98,2.13,定向增发机构配售股份,20201228,--,--,13.55
600959.SH,江苏有线,3.93,-0.76,定向增发机构配售股份,20200629,70257611.00,261358312.92,4.27
600960.SH,渤海汽车,3.66,0.27,定向增发机构配售股份,20200615,236904812.00,772309687.12,8.22
600963.SH,岳阳林纸,4.36,-0.46,定向增发机构配售股份,20200519,460946200.00,1640968472.00,4.86
600967.SH,内蒙一机,12.41,1.89,定向增发机构配售股份,20200210,729133620.00,7415288915.40,10.23
600981.SH,汇鸿集团,3.62,-0.55,定向增发机构配售股份,20201117,--,--,3.69
600984.SH,建设机械,28.41,9.99,定向增发机构配售股份,20201023,--,--,10.82
600985.SH,淮北矿业,9.68,2.54,定向增发机构配售股份,20200311,60031266.00,521671701.54,8.24
600985.SH,淮北矿业,9.68,2.54,定向增发机构配售股份,20200424,37301586.00,301023799.02,10.63
600986.SH,科达股份,5.13,1.38,定向增发机构配售股份,20200428,28367522.00,107229233.16,11.24
600990.SH,四创电子,47.98,2.52,定向增发机构配售股份,20200525,4229014.00,156135196.88,61.09
600990.SH,四创电子,47.98,2.52,定向增发机构配售股份,20201125,--,--,61.00
600997.SH,开滦股份,5.34,2.10,定向增发机构配售股份,20200210,353159851.00,1730483269.90,4.97
600998.SH,九州通,17.69,1.73,定向增发机构配售股份,20201127,--,--,19.38
601002.SH,晋亿实业,6.11,0.83,定向增发机构配售股份,20201030,--,--,5.00
601015.SH,陕西黑猫,3.04,1.00,定向增发机构配售股份,20201027,--,--,5.57
601018.SH,宁波港,3.83,0.26,定向增发机构配售股份,20200219,372847809.00,1271411028.69,7.71
601058.SH,赛轮轮胎,4.35,1.16,定向增发机构配售股份,20201123,--,--,3.00
601106.SH,中国一重,3.29,0.61,定向增发机构配售股份,20201026,--,--,4.85
601111.SH,中国国航,7.16,0.70,定向增发机构配售股份,20200310,513478818.00,4128369696.72,7.51
601166.SH,兴业银行,15.92,1.34,定向增发机构配售股份,20200407,562913800.00,9124832698.00,13.43
601169.SH,北京银行,4.88,0.41,定向增发机构配售股份,20201228,--,--,6.12
601212.SH,白银有色,3.06,0.99,定向增发机构配售股份,20200413,239369624.00,677416035.92,6.15
601212.SH,白银有色,3.06,0.99,定向增发机构配售股份,20200622,192439020.00,502265842.20,3.69
601238.SH,广汽集团,10.47,0.58,定向增发机构配售股份,20201116,--,--,13.15
601360.SH,三六零,18.66,0.54,定向增发机构配售股份,20200227,703141126.00,17086329361.80,7.87
601360.SH,三六零,18.66,0.54,定向增发机构配售股份,20200309,92315630.00,2042021735.60,7.87
601360.SH,三六零,18.66,0.54,定向增发机构配售股份,20200511,596592575.00,10690938944.00,7.87
601368.SH,绿城水务,5.81,0.69,定向增发机构配售股份,20200723,124474079.00,723194398.99,5.43
601390.SH,中国中铁,5.49,1.67,定向增发机构配售股份,20200921,--,--,6.55
601500.SH,通用股份,6.55,1.55,定向增发机构配售股份,20200326,145371005.00,832975858.65,6.38
601600.SH,中国铝业,3.20,0.63,定向增发机构配售股份,20200226,2118874715.00,6759210340.85,6.00
601619.SH,嘉泽新能,3.27,0.62,定向增发机构配售股份,20201217,--,--,3.39
601689.SH,拓普集团,41.96,1.99,定向增发机构配售股份,20200525,6556358.00,140633879.10,20.51
601717.SH,郑煤机,8.72,9.27,定向增发机构配售股份,20200323,6111751.00,33675748.01,--
601727.SH,上海电气,5.55,1.09,定向增发机构配售股份,20200302,606843370.00,2827890104.20,10.09
601727.SH,上海电气,5.55,1.09,定向增发机构配售股份,20201106,--,--,6.99
601766.SH,中国中车,5.84,1.21,定向增发机构配售股份,20200117,1410105755.00,9786133939.70,8.01
601899.SH,紫金矿业,6.65,2.62,定向增发机构配售股份,20200608,418553054.00,1678397746.54,2.90
601900.SH,南方传媒,9.25,0.54,定向增发机构配售股份,20201020,--,--,13.75
601919.SH,中远海控,5.36,2.49,定向增发机构配售股份,20200203,1021627435.00,4372565421.80,3.78
603025.SH,大豪科技,10.00,7.07,定向增发机构配售股份,20200324,2452830.00,19843394.70,13.97
603025.SH,大豪科技,10.00,7.07,定向增发机构配售股份,20201228,--,--,13.57
603083.SH,剑桥科技,24.96,3.06,定向增发机构配售股份,20201021,--,--,23.79
603111.SH,康尼机电,6.97,2.65,定向增发机构配售股份,20201207,--,--,14.70
603131.SH,上海沪工,20.91,0.87,定向增发机构配售股份,20200312,2576687.00,49523924.14,16.22
603131.SH,上海沪工,20.91,0.87,定向增发机构配售股份,20200507,8526405.00,144096244.50,16.69
603131.SH,上海沪工,20.91,0.87,定向增发机构配售股份,20200706,3680979.00,74355775.80,16.12
603131.SH,上海沪工,20.91,0.87,定向增发机构配售股份,20201228,--,--,16.12
603168.SH,莎普爱思,10.35,-2.91,定向增发机构配售股份,20200313,4999999.00,42599991.48,19.46
603169.SH,兰石重装,5.14,0.98,定向增发机构配售股份,20200715,7826088.00,45939136.56,11.72
603183.SH,建研院,8.16,-0.49,定向增发机构配售股份,20201209,--,--,9.06
603186.SH,华正新材,40.49,0.72,定向增发机构配售股份,20201130,--,--,51.20
603225.SH,新凤鸣,11.43,0.62,定向增发机构配售股份,20201204,--,--,10.50
603283.SH,赛腾股份,53.21,1.18,定向增发机构配售股份,20200727,7272724.00,339490756.32,19.02
603283.SH,赛腾股份,53.21,1.18,定向增发机构配售股份,20201201,--,--,18.76
603305.SH,旭升股份,41.48,0.46,定向增发机构配售股份,20201209,--,--,32.41
603308.SH,应流股份,25.54,1.23,定向增发机构配售股份,20201116,--,--,11.31
603363.SH,傲农生物,25.11,3.46,定向增发机构配售股份,20201118,--,--,18.39
603386.SH,广东骏亚,16.43,1.80,定向增发机构配售股份,20200907,--,--,17.71
603429.SH,集友股份,36.94,2.61,定向增发机构配售股份,20200727,26038957.00,910061547.15,15.30
603558.SH,健盛集团,9.58,0.63,定向增发机构配售股份,20200831,32118135.00,307691733.30,20.37
603559.SH,中通国脉,20.26,0.05,定向增发机构配售股份,20200507,2012601.00,43150165.44,33.25
603595.SH,东尼电子,30.65,-6.67,定向增发机构配售股份,20201016,--,--,22.60
603603.SH,博天环境,7.10,-3.92,定向增发机构配售股份,20200803,4503816.00,38327474.16,13.10
603606.SH,东方电缆,23.89,1.32,定向增发机构配售股份,20201218,--,--,6.40
603608.SH,天创时尚,9.25,0.11,定向增发机构配售股份,20200115,7013380.00,79251194.00,13.60
603608.SH,天创时尚,9.25,0.11,定向增发机构配售股份,20200527,12273415.00,105305900.70,13.60
603609.SH,禾丰牧业,16.97,1.98,定向增发机构配售股份,20200424,68897636.00,1075492097.96,10.02
603611.SH,诺力股份,22.58,-7.95,定向增发机构配售股份,20200106,20816887.00,358883131.88,14.50
603611.SH,诺力股份,22.58,-7.95,定向增发机构配售股份,20200123,15355667.00,242773095.27,14.50
603690.SH,至纯科技,40.40,-0.37,定向增发机构配售股份,20200413,18486296.00,553479702.24,16.48
603690.SH,至纯科技,40.40,-0.37,定向增发机构配售股份,20200427,20985844.00,698618746.76,20.45
603690.SH,至纯科技,40.40,-0.37,定向增发机构配售股份,20200518,4901890.00,174115132.80,16.48
603779.SH,ST威龙,6.54,1.71,定向增发机构配售股份,20201110,--,--,13.31
603799.SH,华友钴业,40.62,0.92,定向增发机构配售股份,20201021,--,--,28.09
603838.SH,四通股份,9.58,0.11,定向增发机构配售股份,20201224,--,--,6.25
603859.SH,能科股份,39.75,1.15,定向增发机构配售股份,20200525,3302076.00,99623632.92,16.82
603887.SH,城地股份,28.85,1.59,定向增发机构配售股份,20200508,49558210.00,1553649883.50,17.19
603887.SH,城地股份,28.85,1.59,定向增发机构配售股份,20201109,--,--,12.17
603919.SH,金徽酒,18.08,4.75,定向增发机构配售股份,20200529,18107141.00,271607115.00,10.60
603936.SH,博敏电子,15.62,0.97,定向增发机构配售股份,20200107,13397625.00,251875350.00,9.57
603936.SH,博敏电子,15.62,0.97,定向增发机构配售股份,20200617,20932611.00,278194400.19,11.08
603955.SH,大千生态,19.05,-3.25,定向增发机构配售股份,20201207,--,--,13.46
603959.SH,百利科技,10.95,0.18,定向增发机构配售股份,20201222,--,--,5.56
603960.SH,克来机电,54.00,1.70,定向增发机构配售股份,20201216,--,--,21.89
603986.SH,兆易创新,196.92,2.09,定向增发机构配售股份,20200807,18138599.00,4006635133.11,53.84
603986.SH,兆易创新,196.92,2.09,定向增发机构配售股份,20201203,--,--,203.78
603997.SH,继峰股份,7.47,-2.86,定向增发机构配售股份,20201210,--,--,7.39
